species,group,name,class,SampleNew,Mo,Yr,date,time,analyzed,method,solution,hAnop,hAsca,pBaCo,pCocc,pEnCo,pEnHi,pGiar,pIoda,NSF,hSchi,hSpir,hStro,hTric,UNK,hWorm,nSpecies,nParasites
BL,BK1,Blueberry,AF,76,12,2013,12/17/2013,9:10,RAJ,DS,water,,,,,1,6,,,,,,,,,,2,7
BL,BK1,Blueberry,AF,79,12,2013,12/17/2013,13:50,SM HF,DS,water,,,,,,,,,1,,,,,,,0,0
BL,BK1,Blueberry,AF,85,12,2013,12/19/2013,10:26,HF,DS,water,,,,,,,,,,,,,,12,,1,12
BL,BK1,Blueberry,AF,91,12,2013,12/20/2013,15:28,RAJ,SED,Ethyl Acetate,,,,,1,3,,,,,,,,,,2,4
BL,BK1,Blueberry,AF,93,12,2013,12/21/2013,10:02,HF,DS,water,,,,,5,,,,,,,,,1,,2,6
BL,BK1,Blueberry,AF,113,12,2013,12/30/2013,17:00,RAJ,SED,Ethyl Acetate,,,,,,,,,1,,,,,,,0,0
BL,BK1,Denim,AM,87,12,2013,12/19/2013,14:00,HF,DS,water,,,,,,,,,,,,,,2,,1,2
BL,BK1,Denim,AM,90,12,2013,12/20/2013,9:00,HF,DS,water,,,,,2,,,,,,,,,,,1,2
BL,BK1,Denim,AM,94,12,2013,12/21/2013,10:10,HF,DS,water,,,,,7,4,,,,,,,,,,2,11
BL,BK1,Denim,AM,102,12,2013,12/29/2013,11:18,HF JU,DS,water,,,,2,,2,,2,,,,,,1,,4,7
BL,BK1,Denim,AM,102,12,2013,12/29/2013,11:18,RAJ,SED,Ethyl Acetate,,,,,,2,1,,,,,,,2,,3,5
BL,BK1,Indigo,AF,47,12,2013,12/11/2013,10:51,HF JU,DS,water,,,,,2,,,,,,,,1,5,,3,8
BL,BK1,Indigo,AF,47,12,2013,12/11/2013,10:51,HF JU,SED,Ethyl Acetate,,,,,1,,,,,,,,,,,1,1
BL,BK1,Indigo,AF,47,12,2013,12/11/2013,10:51,RAJ,SED,Ethyl Acetate,,,,,2,3,,,,,,,,,,2,5
BL,BK1,Indigo,AF,51,12,2013,12/12/2013,11:30,HF JU,DS,water,,,,,1,3,,,,,,,,1,,3,5
BL,BK1,Indigo,AF,51,12,2013,12/12/2013,11:30,HF JU,SED,Ethyl Acetate,,,,,6,2,,5,,,,,,3,,4,16
BL,BK1,Indigo,AF,51,12,2013,12/12/2013,11:30,RAJ,SED,Ethyl Acetate,,,,,,1,2,,,,1,,,,,3,4
BL,BK1,Indigo,AF,71,12,2013,12/16/2013,11:22,RAJ,SED,Ethyl Acetate,,,,,1,1,,,,,1,,,,,3,3
BL,BK1,Indigo,AF,71,12,2013,12/16/2013,11:22,SM HF,DS,water,,,,,,,,,1,,,,,,,0,0
BL,BK1,Indigo,AF,92,12,2013,12/21/2013,8:28,HF,DS,water,,,,,,,,,,,,,,3,,1,3
BL,BK1,Indigo,AF,106,12,2013,12/29/2013,14:59,HF JU,DS,water,,,,,,2,,,,,,,,,,1,2
BL,BK1,Indigo,AF,106,12,2013,12/29/2013,14:59,HF JU,SED,Ethyl Acetate,,,,,,3,,,,,,,5,1,,3,9
BL,BK1,Indigo,AF,106,12,2013,12/29/2013,14:59,RAJ,SED,Ethyl Acetate,,,,,,1,,,,,,1,,2,,3,4
BL,BK1,Iris,AF,97,12,2013,12/21/2013,14:41,RAJ,SED,Ethyl Acetate,,,,,1,2,,,,,,,,,,2,3
BL,BK1,Iris,AF,299,3,2014,3/21/2014,17:11,SM,DS,water,,,,,,,,,,,,,,5,,1,5
BL,BK1,Midnight,SA,112,12,2013,12/30/2013,14:45,HF JU,DS,water,,,,,,3,,1,,,,,,,,2,4
BL,BK1,Midnight,SA,112,12,2013,12/30/2013,14:45,HF JU,SED,Ethyl Acetate,,,,,1,,,,,,,,,,,1,1
BL,BK1,Midnight,SA,112,12,2013,12/30/2013,14:45,RAJ,SED,Ethyl Acetate,,,,,1,,,,,,,,,,,1,1
BL,BK1,Midnight,SA,125,1,2014,1/5/2014,13:50,RAJ,SED,Ethyl Acetate,,,,,,,,,,,1,1,,,,2,2
BL,BK1,Navy,SA,48,12,2013,12/11/2013,11:00,RAJ,DS,water,,,,,1,3,,,,,,,1,,,3,5
BL,BK1,Navy,SA,288,3,2014,3/18/2014,14:57,RAJ,SED,Ethyl Acetate,,,,,,,,,,,,1,,,,1,1
BL,BK1,Navy,SA,291,3,2014,3/19/2014,9:30,RAJ,SED,Ethyl Acetate,,,,5,2,,,,,,3,1,,,,4,11
BL,BK1,Owen,SA,54,12,2013,12/13/2013,11:49,HF JU,DS,water,,,,,,1,,,,,,,,,,1,1
BL,BK1,Owen,SA,54,12,2013,12/13/2013,11:49,HF JU,SED,Ethyl Acetate,,,,,,,,1,,,,,1,,,2,2
BL,BK1,Owen,SA,54,12,2013,12/13/2013,11:49,RAJ,SED,Ethyl Acetate,,,,1,1,,,,,,,,,,,2,2
BL,BK1,Owen,SA,302,3,2014,3/22/2014,10:12,SM,DS,water,,,,,,1,,,,,1,,,,,2,2
BL,BK1,Periwinkle,AF,54,3,2014,3/16/2014,12:57,JU/SL,DS,H2O,,13,3,,5,11,,119,,,,,13,3,,7,167
BL,BK1,Periwinkle,AF,58,12,2013,12/13/2013,16:21,RAJ,DS,water,,,,,1,,,,,,,,,,,1,1
BL,BK1,Periwinkle,AF,58,12,2013,12/13/2013,16:21,RAJ,SED,Ethyl Acetate,,,,,,1,,,,,1,,,,,2,2
BL,BK1,Periwinkle,AF,96,12,2013,12/21/2013,11:07,RAJ,DS,water,,,,,,3,,,,,,,,,,1,3
BL,BK1,Periwinkle,AF,103,12,2013,12/29/2013,12:03,HF JU,DS,water,,,,,1,2,,1,,,,,,,,3,4
BL,BK1,Periwinkle,AF,103,12,2013,12/29/2013,12:03,HF JU,SED,Ethyl Acetate,,,,,,,,,,,,,,2,,1,2
BL,BK1,Periwinkle,AF,103,12,2013,12/29/2013,12:03,RAJ,SED,Ethyl Acetate,,,,,1,,2,,,,,,,1,,3,4
BL,BK1,Periwinkle,AF,275,3,2014,3/15/2014,12:57,JU,DS,water,,,,,7,11,,119,,,,,13,16,,5,166
BL,BK1,Royal,AF,64,12,2013,12/14/2013,12:15,RAJ,DS,water,,,,,1,2,,,,,,,,,,2,3
BL,BK1,Royal,AF,77,12,2013,12/17/2013,11:28,HF JU,DS,water,,,,,3,,,,,,,,,,,1,3
BL,BK1,Royal,AF,77,12,2013,12/17/2013,11:28,RAJ,SED,Ethyl Acetate,,,,,,3,,,,,1,,,,,2,4
BL,BK1,Royal,AF,122,1,2014,1/5/2014,9:51,RAJ,DS,water,,,,,,1,,,,,,,,,,1,1
BL,BK1,Sapphire,AF,67,12,2013,12/14/2013,14:00,HF JU,DS,water,,,,,1,1,,,,,,,,,,2,2
BL,BK1,Sapphire,AF,67,12,2013,12/14/2013,14:00,RAJ,SED,Ethyl Acetate,,,,,2,2,,,,,,,,,,2,4
BL,BK1,Sapphire,AF,108,12,2013,12/30/2013,8:32,HF JU,DS,water,,,,,,3,,,,,,,,,,1,3
BL,BK1,Sapphire,AF,108,12,2013,12/30/2013,8:32,HF JU,SED,Ethyl Acetate,,,,,,,,,,,,,,1,,1,1
BL,BK1,Sapphire,AF,108,12,2013,12/30/2013,8:32,RAJ,SED,Ethyl Acetate,,,,,,4,2,,,,2,,,,,3,8
BL,BK1,Sapphire,AF,277,3,2014,3/15/2014,14:45,RAJ,SED,Ethyl Acetate,,,,12,2,2,,,,,1,,,,,4,17
BL,BK1,Sapphire,AF,282,3,2014,3/16/2014,15:35,JU,DS,water,,,,,,,,42,,,,,8,,,2,50
BL,BK1,Sapphire,AF,282,3,2014,3/16/2014,15:35,JU,FLO,Feca-Med,,,,,,,,1,,,,,,38,,2,39
BL,BK1,Sapphire,AF,292,3,2014,3/20/2014,8:41,RAJ,SED,Ethyl Acetate,,,,,2,,,,,,2,,,,,2,4
BL,BK1,Sapphire,AF,301,3,2014,3/22/2014,10:01,RAJ,SED,Ethyl Acetate,,,8,,,,,,,,5,2,,,,3,15
BL,BK1,Sharon,AF,52,1,2014,1/5/2014,11:35,JU/SL,DS,H2O,,,,,,3,,24,,,1,,,1,,4,29
BL,BK1,Sharon,AF,55,3,2014,3/15/2014,13:00,JU/SL,DS,H2O,,,1,,4,,,58,,,,,11,2,,5,76
BL,BK1,Sharon,AF,66,12,2013,12/14/2013,13:44,HF JU,DS,water,,,,,,6,,,,,,,,3,,2,9
BL,BK1,Sharon,AF,66,12,2013,12/14/2013,13:44,HF JU,SED,Ethyl Acetate,,,,,,,,,1,,,,,,,0,0
BL,BK1,Sharon,AF,66,12,2013,12/14/2013,13:44,RAJ,SED,Ethyl Acetate,,,,,,7,,,,,,,,,,1,7
BL,BK1,Sharon,AF,70,12,2013,12/16/2013,9:38,HF JU,DS,water,,,,,,6,,,,,,,,6,,2,12
BL,BK1,Sharon,AF,70,12,2013,12/16/2013,9:38,RAJ,SED,Ethyl Acetate,,,,,1,2,4,,,,1,,,,,4,8
BL,BK1,Sharon,AF,109,12,2013,12/30/2013,11:07,RAJ,SED,Ethyl Acetate,,,,,,,,,,,,1,,,,1,1
BL,BK1,Sharon,AF,124,1,2014,1/5/2014,11:35,JU,DS,water,,,,,,3,,24,,,,,,,,2,27
BL,BK1,Sharon,AF,276,3,2014,3/15/2014,13:00,JU,DS,water,,,,,5,,,58,,,,,11,2,,4,76
BL,BK1,Sky,SA,49,12,2013,12/11/2013,11:57,HF JU,DS,water,,,,,,,,,,,,,1,,,1,1
BL,BK1,Sky,SA,49,12,2013,12/11/2013,11:57,HF JU,SED,Ethyl Acetate,,,,,1,,,1,,,,,,,,2,2
BL,BK1,Sky,SA,49,12,2013,12/11/2013,11:57,RAJ,DS,water,,,1,,1,4.5,,,,,,,,1,,4,7.5
BL,BK1,Sky,SA,49,12,2013,12/11/2013,11:57,RAJ,SED,Ethyl Acetate,,,,,,,,,,,1,,,,,1,1
BL,BK1,Sky,SA,53,12,2013,12/13/2013,11:00,HF JU,DS,water,,,,,,,,,1,,,,,,,0,0
BL,BK1,Sky,SA,53,12,2013,12/13/2013,11:00,HF JU,SED,Ethyl Acetate,,,,,,,,,1,,,,,,,0,0
BL,BK1,Sky,SA,53,12,2013,12/13/2013,11:00,RAJ,DS,water,,,,,,,,,1,,,,,,,0,0
BL,BK1,Sky,SA,53,12,2013,12/13/2013,11:00,RAJ,SED,Ethyl Acetate,,,,,,,,,1,,,,,,,0,0
BL,BK1,Teal,AF,121,1,2014,1/5/2014,9:01,RAJ,SED,Ethyl Acetate,,,,,1,,,,,,,1,,,,2,2
BL,BK1,Teal,AF,281,3,2014,3/16/2014,15:35,RAJ,SED,Ethyl Acetate,,,,,,,,,1,,,,,,,0,0
BL,BK1,Teal,AF,303,3,2014,3/22/2014,11:42,SM,DS,water,,,,,1,16,,,,,3,9,,,,4,29
BL,BK1,Tiffany,AF,57,12,2013,12/13/2013,16:02,HF JU,DS,water,,,,,,3,,,,,,,,,,1,3
BL,BK1,Tiffany,AF,57,12,2013,12/13/2013,16:02,HF JU,SED,Ethyl Acetate,,,,1,,,,1,,,,,,,,2,2
BL,BK1,Tiffany,AF,57,12,2013,12/13/2013,16:02,RAJ,DS,water,,,,,,3,,,,,,,,,,1,3
BL,BK1,Tiffany,AF,57,12,2013,12/13/2013,16:02,RAJ,SED,Ethyl Acetate,,,,1,1,,,,,,1,,,,,3,3
BL,BK1,Tiffany,AF,84,12,2013,12/19/2013,10:20,RAJ,SED,Ethyl Acetate,,,,,1,2,,,,,,,,,,2,3
BL,BK1,Tiffany,AF,104,12,2013,12/29/2013,13:02,SM,DS,water,,,,,6,,,,,,,,1,7,,3,14
BL,BK1,Tiffany,AF,110,12,2013,12/30/2013,11:26,HF JU,DS,water,,,,,3,1,,,,,,,,,,2,4
BL,BK1,Tiffany,AF,110,12,2013,12/30/2013,11:26,HF JU,SED,Ethyl Acetate,,,,,8,1,,2,,,,,,,,3,11
BL,BK1,Tiffany,AF,110,12,2013,12/30/2013,11:26,RAJ,SED,Ethyl Acetate,,,1,,1,5,5,,,,2,,,,,5,14
BL,BK1,Turquoise,AF,78,12,2013,12/17/2013,12:00,RAJ,SED,Ethyl Acetate,,,,,2,5,,,,,,,,,,2,7
BL,BK1,Turquoise,AF,123,1,2014,1/5/2014,10:00,RAJ,SED,Ethyl Acetate,,,,,,,,,,,1,,,,,1,1
BL,BK1,Turquoise,AF,296,3,2014,3/21/2014,11:21,RAJ,SED,Ethyl Acetate,,,,,,,,,,,1,,,1,,2,2
BL,BK3,Acura,AF,190,1,2014,1/25/2014,13:51,RAJ,DS,water,,,,,1,1,,,,,,,,,,2,2
BL,BK3,Acura,AF,308,3,2014,3/24/2014,17:03,RAJ,SED,Ethyl Acetate,,,,,,,,,,,,,,0,,1,0
BL,BK3,Camry,AF,186,1,2014,1/25/2014,8:17,RAJ,DS,water,,,,,,1,6,,,,,,,,,2,7
BL,BK3,Camry,AF,193,1,2014,1/26/2014,13:02,RAJ,SED,Ethyl Acetate,,,,,1,,,,,,,,,,,1,1
BL,BK3,Corolla,AF,129,1,2014,1/10/2014,13:16,RAJ,SED,Ethyl Acetate,,,,3,,2,,,,,,,1,2,,4,8
BL,BK3,Corolla,AF,129,1,2014,1/10/2014,13:16,SM,DS,water,,,,,,,,,1,,,,,,,0,0
BL,BK3,Corolla,AF,142,1,2014,1/13/2014,13:55,RAJ,DS,water,,,,4,,,2,,,,,,,,,2,6
BL,BK3,Corolla,AF,149,1,2014,1/16/2014,10:23,SM,DS,water,,,,,3,,,,,,,,1,,,2,4
BL,BK3,Corolla,AF,155,1,2014,1/16/2014,15:20,SM,DS,water,,,,,,2,,,,,,,2,,,2,4
BL,BK3,Corolla,AF,159,1,2014,1/19/2014,14:22,SM,DS,water,,,,,,,,,1,,,,,,,0,0
BL,BK3,Hummer,AM,132,1,2014,1/10/2014,16:00,SM,DS,water,,,,,,4,,,,,,,,,,1,4
BL,BK3,Hummer,AM,152,1,2014,1/16/2014,13:15,RAJ,DS,water,,,,,,3,,,,,,,,,,1,3
BL,BK3,Hummer,AM,152,1,2014,1/16/2014,13:15,SM,DS,water,,,,,,,,,,,,,2,1,,2,3
BL,BK3,Hummer,AM,163,1,2014,1/20/2014,13:01,SM,DS,water,,,,,,3,,1,,,,,,2,,3,6
BL,BK3,Hummer,AM,164,1,2014,1/20/2014,14:24,SM,DS,water,,,,,,,,,,,,,,11,,1,11
BL,BK3,Maxi,AF,135,1,2014,1/11/2014,10:53,RAJ,DS,water,,,,,1,,1,,,,,,,,,2,2
BL,BK3,Maxi,AF,138,1,2014,1/12/2014,14:10,HF,DS,water,,,,,,,,,1,,,,,,,0,0
BL,BK3,Maxi,AF,143,1,2014,1/14/2014,15:10,RAJ,DS,water,,,,,1,,,,,,,,,,,1,1
BL,BK3,Maxi,AF,144,1,2014,1/14/2014,18:01,SM,DS,water,,,,,,5,,,,,,,,,,1,5
BL,BK3,Maxi,AF,148,1,2014,1/16/2014,9:35,SM,DS,water,,,,,1,,,,,,,,1,2,,3,4
BL,BK3,Maxi,AF,160,1,2014,1/19/2014,17:33,SM,DS,water,,,,,2,2,,,,,,,,,,2,4
BL,BK3,Maxi,AF,166,1,2014,1/20/2014,16:40,SM HF,DS,water,,,,,,,,,1,,,,,,,0,0
BL,BK3,Mercedes,AF,309,3,2014,3/27/2014,14:00,SM,DS,water,,,,,,,,,,,,,,0,,1,0
BL,BK3,Mustang,JV,156,1,2014,1/17/2014,10:30,RAJ,DS,water,,,,,1,,,,,,,,,,,1,1
BL,BK3,Range,AF,58,3,2014,3/23/2014,10:25,AV,DS,H2O,,,,,1,2,,1,,,,,,,,3,4
BL,BK3,Range,AF,151,1,2014,1/16/2014,13:02,RAJ,DS,water,,,,,,,,,,,1,,,,,1,1
BL,BK3,Range,AF,151,1,2014,1/16/2014,13:02,SM,DS,water,,,,,3,,,,,,,,1,,,2,4
BL,BK3,Range,AF,158,1,2014,1/17/2014,15:10,SM,DS,water,,,,,19,,,3,,,,,,,,2,22
BL,BK3,Range,AF,307,3,2014,3/23/2014,10:25,JU,DS,water,,,,,5,3,,11,,,,,,4,,4,23
BL,BK3,Royce,AF,157,1,2014,1/17/2014,12:20,SM,DS,water,,,,,19,3,,3,,,,,,,,3,25
BL,BK3,Royce,AF,165,1,2014,1/20/2014,14:25,SM HF,DS,water,,,,1,,,,,,,,,1,,,2,2
BL,BK3,Sienna,AF,131,1,2014,1/10/2014,15:17,SM,DS,water,,,,,,5,,,,,,,,,,1,5
BL,BK3,Sienna,AF,140,1,2014,1/13/2014,9:44,RAJ,DS,water,,,,7,1,7,,,,,2,,,,,4,17
BL,BK3,Taurus,AF,310,3,2014,3/28/2014,12:30,RAJ,SED,Ethyl Acetate,2,2,,,3,,,,,,,,,0,,4,7
BL,BN1,Acaali,JV,68,2,2014,2/22/2014,15:07,RAJ,SED,Ethyl Acetate,,,,,,3,,,,,,,,,,1,3
BL,BN1,Adieri,SA,37,2,2014,2/12/2014,14:46,RAJ,SED,Ethyl Acetate,,,,3,2,,,,,,,,,,,2,5
BL,BN1,Adieri,SA,46,2,2014,2/15/2014,13:31,CD,DS,H2O,,,,,1,2,,1,,,,,,,,3,4
BL,BN1,Adieri,SA,50,2,2014,2/16/2014,13:20,CD,DS,H2O,,,,,2,2,,,,,,,,,,2,4
BL,BN1,Adieri,SA,53,2,2014,2/18/2014,9:45,AV/CD,DS,H2O,,,,,,1,,,,,,,,,,1,1
BL,BN1,Adieri,SA,55,2,2014,2/17/2014,11:25,RAJ,SED,Ethyl Acetate,,,,4,,,,,,,1,,,,,2,5
BL,BN1,Amooti,JV,42,2,2014,2/14/2014,9:40,RAJ,SED,Ethyl Acetate,,,,,1,3,,,,,,,,,,2,4
BL,BN1,Amooti,JV,44,2,2014,2/14/2014,10:35,RAJ,SED,Ethyl Acetate,,,,6,1,,,,,,,,,,,2,7
BL,BN1,Amooti,JV,47,2,2014,2/16/2014,9:15,AV/CD,DS,H2O,,1,1,,32,4,,144,,,,,,,,5,182
BL,BN1,Amooti,JV,49,2,2014,2/16/2014,11:34,AV/CD,DS,H2O,,,,,,2,,,,,,,,,,1,2
BL,BN1,Amooti,JV,50,2,2014,2/16/2014,9:15,JU,DS,water,,,,,32,4,,144,,,,,,2,,4,182
BL,BN1,Aphrodite,AF,1,10,2013,10/26/2013,11:39,CB/HF,DS,H2O,,,,,2,,,,,,,,,1,,2,3
BL,BN1,Aphrodite,AF,1,10,2013,10/26/2013,11:39,RAJ,DS,water,,,,,,2,,,,,,,1,,,2,3
BL,BN1,Aphrodite,AF,2,10,2013,10/27/2013,9:46,CB/HF,DS,H2O,,,,,,1,,,,,,,,1,,2,2
BL,BN1,Aphrodite,AF,2,10,2013,10/27/2013,9:46,HF,DS,water,,,,,2,3,,,,,,,,,,2,5
BL,BN1,Aphrodite,AF,5,10,2013,10/29/2013,13:40,RAJ,DS,water,,,,,2,3,,,,,,,1,,,3,6
BL,BN1,Aphrodite,AF,6,10,2013,10/30/2013,13:00,RAJ,DS,water,,,,,,3,,,,,,,,,,1,3
BL,BN1,Aphrodite,AF,7,10,2013,10/31/2013,9:36,HF,DS,water,,,,,3,5,,7,,,,,,,,3,15
BL,BN1,Aphrodite,AF,7,10,2013,10/31/2013,9:36,HF,SED,Ethyl Acetate,,,,,,2,,1,,,,,,2,,3,5
BL,BN1,Aphrodite,AF,12,11,2013,11/14/2013,8:59,HF,SED,Ethyl Acetate,,,,,2,3,,,,,,,1,,,3,6
BL,BN1,Aphrodite,AF,12,11,2013,11/14/2013,8:59,HF FT,DS,water,,,,,,,,3,,,,,,,,1,3
BL,BN1,Gaia,AF,56,2,2014,2/19/2014,10:15,CD/AV,DS,H2O,,,,,3,,,,,,,,,,,1,3
BL,BN1,Gaia,AF,57,2,2014,2/18/2014,11:09,RAJ,SED,Ethyl Acetate,,,,,1,2,,,,,,,,,,2,3
BL,BN1,Gaia,AF,59,2,2014,2/19/2014,10:15,RAJ,SED,Ethyl Acetate,,,,3,1,,,,,,,,,,,2,4
BL,BN1,Gaia,AF,61,2,2014,2/20/2014,16:40,RAJ,SED,Ethyl Acetate,,,,,1,1,,,,,,,,,,2,2
BL,BN1,Gilbert,AM,33,2,2014,2/11/2014,11:31,RAJ,SED,Ethyl Acetate,,,,4,3,,,,,,,1,,,,3,8
BL,BN1,Gilbert,AM,35,2,2014,2/12/2014,11:34,JU SC,DS,water,,,,,8,2,,89,,,,,1,5,,5,105
BL,BN1,Gilbert,AM,35,2,2014,2/12/2014,11:34,JU SC,FLO,Feca-Med,,,,,1,,,4,,,,,1,3,,4,9
BL,BN1,Gilbert,AM,38,2,2014,2/13/2014,8:47,RAJ,SED,Ethyl Acetate,,,,6,2,,,,,,,,,,,2,8
BL,BN1,Helen,AF,18,11,2013,11/19/2013,13:30,HF JU,DS,water,,,,,5,,,,,,,,,,,1,5
BL,BN1,Helen,AF,18,11,2013,11/19/2013,13:30,HF JU,SED,Ethyl Acetate,,,,,3,1,,,,,,,,,,2,4
BL,BN1,Helen,AF,18,11,2013,11/19/2013,13:30,RAJ,SED,Ethyl Acetate,,,,,2,4,,,,,,,,,,2,6
BL,BN1,Helen,AF,20,11,2013,11/27/2013,11:32,HF JU,DS,water,,,,,,3,,,,,,,,,,1,3
BL,BN1,Helen,AF,20,11,2013,11/27/2013,11:32,HF JU,SED,Ethyl Acetate,,,,,,2,,,,,,,,,,1,2
BL,BN1,Helen,AF,20,11,2013,11/27/2013,11:32,RAJ,SED,Ethyl Acetate,,,,,,5,,,,,,,,,,1,5
BL,BN1,Helen,AF,26,11,2013,11/30/2013,12:00,HF JU,DS,water,,,,,8,1,,,,,,,,1,,3,10
BL,BN1,Helen,AF,26,11,2013,11/30/2013,12:00,HF JU,SED,Ethyl Acetate,,,,,2,,,,,,,,,,,1,2
BL,BN1,Helen,AF,26,11,2013,11/30/2013,12:00,RAJ,SED,Ethyl Acetate,,,,,1,2,,,,,,,,,,2,3
BL,BN1,Helen,AF,36,2,2014,2/12/2014,12:11,RAJ,SED,Ethyl Acetate,,,,,2,,,,,,1,,,,,2,3
BL,BN1,Helen,AF,45,2,2014,2/14/2014,11:26,JU SC,DS,water,,,,,5,,,183,,,,,,2,,3,190
BL,BN1,Helen,AF,51,2,2014,2/17/2014,11:20,AV/CD,DS,H2O,,,,,5,6,,4,,,,,,,,3,15
BL,BN1,Helen,AF,54,2,2014,2/17/2014,11:20,RAJ,SED,Ethyl Acetate,,,,,1,,,,,,,,,,,1,1
BL,BN1,Hera,JV,34,2,2014,2/11/2014,11:35,RAJ,SED,Ethyl Acetate,,,,,,,,,1,,,,,,,0,0
BL,BN1,Hera,SA,4,10,2013,10/28/2013,14:15,RAJ,DS,water,,,1,,1,1,,,,,,,,,,3,3
BL,BN1,Hera,SA,31,2,2014,2/10/2014,16:30,RAJ,SED,Ethyl Acetate,,,,,1,,,,,,,,,,,1,1
BL,BN1,Hera,SA,39,2,2014,2/13/2014,14:01,JU SC,DS,water,,,,,,1,,12,,,,,,4,,3,17
BL,BN1,Hera,SA,45,2,2014,2/15/2014,13:11,AV/HF,DS,H2O,,,,,,2,,4,,,,,,,,2,6
BL,BN1,Hera,SA,48,2,2014,2/15/2014,13:11,JU SC,DS,water,,,,,,4,,,,,,,,123,,2,127
BL,BN1,Hera,SA,48,2,2014,2/15/2014,13:11,JU SC,FLO,Feca-Med,,,,,,1,,,,,,,,,,1,1
BL,BN1,Hera,SA,60,2,2014,2/19/2014,12:42,RAJ,SED,Ethyl Acetate,,,,2,,,,,,,,,,,,1,2
BL,BN1,Poseidon,SA,25,11,2013,11/30/2013,11:12,HF JU,DS,water,,,,,,,,,1,,,,,,,0,0
BL,BN1,Poseidon,SA,25,11,2013,11/30/2013,11:12,HF JU,SED,Ethyl Acetate,,,,,,,,,1,,,,,,,0,0
BL,BN1,Poseidon,SA,25,11,2013,11/30/2013,11:12,RAJ,SED,Ethyl Acetate,,,,,,,,,1,,,,,,,0,0
BL,BN1,Rosebud,AF,16,11,2013,11/19/2013,9:35,RAJ,DS,water,,,,,,1,,,,,,,,,,1,1
BL,BN1,Rosebud,AF,17,11,2013,11/19/2013,11:25,HF JU,DS,water,,,,,,,,,1,,,,,1,,1,1
BL,BN1,Rosebud,AF,17,11,2013,11/19/2013,11:25,RAJ,SED,Ethyl Acetate,,,1,,1,7,,,,,,,,,,3,9
BL,BN1,Rosebud,AF,32,2,2014,2/11/2014,10:51,RAJ,SED,Ethyl Acetate,,,,,1,3,,,,,,,,,,2,4
BL,BN1,Troy,AM,8,10,2013,10/31/2013,14:00,RAJ,DS,water,,,,,,4,,,,,,,,,,1,4
BL,BN1,Troy,AM,9,11,2013,11/3/2013,11:11,HF,DS,water,,,,,,,,1,,,,,,,,1,1
BL,BN1,Troy,AM,10,11,2013,11/3/2013,12:17,AV/CD,DS,H2O,,,,,1,1,,,,,,,,,,2,2
BL,BN1,Troy,AM,13,11,2013,11/17/2013,11:40,HF FT,DS,water,,,,,1,1,,,,,,,,3,,3,5
BL,BN1,Troy,AM,13,11,2013,11/17/2013,11:40,HF JU,DS,water,,,,,,6,,,,,,,,,,1,6
BL,BN1,Troy,AM,13,11,2013,11/17/2013,11:40,HF JU,SED,Ethyl Acetate,,,,,,1,,1,,,,,2,,,3,4
BL,BN1,Troy,AM,13,11,2013,11/17/2013,11:40,RAJ,SED,Ethyl Acetate,,,,1,1,1,,,,,,,,,,3,3
BL,BN1,Troy,AM,28,12,2013,12/13/2013,13:48,CD,DS,H2O,,,,1,,,,,,,,,,,,1,1
BL,BN1,Troy,AM,29,12,2013,12/13/2013,13:31,SM HF,DS,water,,,,,,,,,1,,,,,,,0,0
BL,BN1,Troy,AM,30,12,2013,12/13/2013,13:48,SM HF,DS,water,,,,,,,,,1,,,,,,,0,0
BL,BN2,Bushwick,JV,17,2,2014,2/10/2014,14:04,CD,DS,H2O,,,,,,,,2,,,,,,2,4,3,8
BL,BN2,Bushwick,JV,29,3,2014,3/5/2014,11:28,CD,DS,H2O,,,,4,7,10,,150,,,,,2,5,2,7,180
BL,BN2,Bushwick,JV,34,3,2014,3/5/2014,11:28,JU,DS,water,,,,,5,6,,223,,,,,,24,,4,258
BL,BN2,Bushwick,JV,40,3,2014,3/10/2014,17:00,RAJ,SED,Ethyl Acetate,,,,,,1,,,,,,,,,,1,1
BL,BN2,Canarsie,SA,1,11,2013,11/5/2013,14:12,HF,DS,water,,,,,,4,,,,,,,,,,1,4
BL,BN2,Canarsie,SA,1,11,2013,11/5/2013,14:12,HF JU,SED,Ethyl Acetate,,,,,2,3,,,,,,,,,,2,5
BL,BN2,Canarsie,SA,1,11,2013,11/5/2013,14:12,RAJ,SED,Ethyl Acetate,,,,,1,,,,,,,,,,,1,1
BL,BN2,Canarsie,SA,5,11,2013,11/6/2013,15:12,RAJ,DS,water,,,,,,2,,,,,,,,,,1,2
BL,BN2,Canarsie,SA,7,11,2013,11/7/2013,11:55,HF,DS,water,,,,,,1,,,,,,,,1,,2,2
BL,BN2,Canarsie,SA,7,11,2013,11/7/2013,11:55,HF JU,SED,Ethyl Acetate,,,,,1,,,,,,,,,,,1,1
BL,BN2,Canarsie,SA,7,11,2013,11/7/2013,11:55,RAJ,SED,Ethyl Acetate,,,,,,3,,,,,,,,,,1,3
BL,BN2,Canarsie,SA,18,11,2013,11/26/2013,12:02,HF JU,DS,water,,,,,,,,,1,,,,,,,0,0
BL,BN2,Canarsie,SA,18,11,2013,11/26/2013,12:02,HF JU,SED,Ethyl Acetate,,,,,1,,,,,,,,,,,1,1
BL,BN2,Canarsie,SA,18,11,2013,11/26/2013,12:02,RAJ,SED,Ethyl Acetate,,,,,1,9,,,,,,,,,,2,10
BL,BN2,Canarsie,SA,19,2,2014,2/10/2014,13:50,RAJ,SED,Ethyl Acetate,,,,6,1,2,,,,,,,,,,3,9
BL,BN2,Greenwich,AM,2,11,2013,11/6/2013,11:53,CD,DS,H2O,,,,,1,2,,8,,,,,,4,,4,15
BL,BN2,Greenwich,AM,10,11,2013,11/12/2013,8:41,AV/HF,DS,H2O,,4,,,,1,,20,,,,,,2,,4,27
BL,BN2,Greenwich,AM,11,11,2013,11/12/2013,8:41,JU,DS,water,,,,,,,,20,,,,,,2,,2,22
BL,BN2,Greenwich,AM,15,11,2013,11/22/2013,9:09,HF JU,DS,water,,,,,11,,,,,,,,,,,1,11
BL,BN2,Greenwich,AM,15,11,2013,11/22/2013,9:09,HF JU,SED,Ethyl Acetate,,,,,4,2,,,,,,,,,,2,6
BL,BN2,Greenwich,AM,15,11,2013,11/22/2013,9:09,RAJ,SED,Ethyl Acetate,,,1,,2,2,,,,,,,,,,3,5
BL,BN2,Greenwich,AM,19,2,2014,2/28/2014,10:20,JU/SL,DS,H2O,,,3,,7,28,3,87,,,,,2,1,,7,131
BL,BN2,Greenwich,AM,24,2,2014,2/28/2014,10:20,JU,DS,water,,,,,7,28,,87,,,,,2,7,,5,131
BL,BN2,Greenwich,AM,28,2,2014,2/28/2014,14:50,RAJ,SED,Ethyl Acetate,,,,6,1,,,,,,,,,,,2,7
BL,BN2,Lexington,AM,29,3,2014,3/1/2014,8:30,RAJ,SED,Ethyl Acetate,,,,,1,2,,,,,,,,,,2,3
BL,BN2,Lexington,AM,32,3,2014,3/8/2014,15:17,JU/SL,DS,H2O,,5,3,,4,3,3,119,,1,1,,,5,20,10,164
BL,BN2,Lexington,AM,34,3,2014,3/10/2014,16:27,JU/SL,DS,H2O,,2,,,,,,7,,,,,4,,,3,13
BL,BN2,Lexington,AM,36,3,2014,3/8/2014,15:17,JU,DS,water,,,,,4,,,119,,,,,,3,,3,126
BL,BN2,Lexington,AM,36,3,2014,3/8/2014,15:17,JU,FLO,Feca-Med,,,,,,,,,,,,,,49,,1,49
BL,BN2,Lexington,AM,38,3,2014,3/9/2014,9:00,JU SC,DS,water,,,,,2,4,,78,,,,,3,4,,5,91
BL,BN2,Lexington,AM,38,3,2014,3/9/2014,9:00,JU SC,FLO,Feca-Med,,,,,3,,,,,,,,,11,,2,14
BL,BN2,Lexington,AM,39,3,2014,3/10/2014,16:27,JU,DS,water,,,,,,,,7,,,,,4,2,,3,13
BL,BN2,Sunset,AF,4,11,2013,11/6/2013,14:35,HF JU,DS,water,,,,,,,,,,,,,,1,,1,1
BL,BN2,Sunset,AF,4,11,2013,11/6/2013,14:35,JU,DS,water,,,,,2,,,100,,,,,,,,2,102
BL,BN2,Sunset,AF,4,11,2013,11/6/2013,14:35,JU/SL,DS,H2O,,,,,2,7,,100,,,,,,,,3,109
BL,BN2,Sunset,AF,8,11,2013,11/9/2013,10:20,RAJ,DS,water,,,,,1,2,,,,,,,,,,2,3
BL,BN2,Sunset,AF,8,11,2013,11/9/2013,10:20,RAJ,FLO,Zinc Sulfate,,,,,,2,,,,,,,,,,1,2
BL,BN2,Sunset,AF,9,11,2013,11/6/2013,14:35,AV/CD,DS,H2O,,,,,,3,,2,,,,,,1,1,4,7
BL,BN2,Sunset,AF,17,11,2013,11/24/2013,16:05,HF,DS,water,,,,,1,3,,,,,,,,,,2,4
BL,BN2,Sunset,AF,26,2,2014,2/28/2014,11:10,RAJ,SED,Ethyl Acetate,,,,,1,2,,,,,,,,,,2,3
BL,BN2,Tribeca,AF,16,11,2013,11/24/2013,16:00,HF JU,DS,water,,,,,,2,,,,,,,,,,1,2
BL,BN2,Tribeca,AF,16,11,2013,11/24/2013,16:00,HF JU,SED,Ethyl Acetate,,,,,,2,,,,,,,,1,,2,3
BL,BN2,Tribeca,AF,16,11,2013,11/24/2013,16:00,RAJ,SED,Ethyl Acetate,,,,2,,2,,,,,,,,1,,3,5
BL,BN2,Tribeca,AF,28,3,2014,3/4/2014,15:32,CD,DS,H2O,,,,,,4,,9,,,,,,4,1,4,18
BL,BN2,Tribeca,AF,32,3,2014,3/1/2014,11:38,RAJ,SED,Ethyl Acetate,,,,5,2,,,,,,,,,,,2,7
BL,BN2,Tribeca,AF,35,3,2014,3/8/2014,9:21,RAJ,SED,Ethyl Acetate,,,,,,1,,,,,,,,,,1,1
RT,R1,Antelope,SA,43,3,2014,3/25/2014,13:34,CD/AV,DS,H2O,,,1,,1,2,,,,,,,,,,3,4
RT,R1,Buffalo,AF,20,3,2014,3/16/2014,12:43,CD,DS,H2O,,,,,11,4,1,2,,,,,,2,,5,20
RT,R1,Bushbuck,AF,24,3,2014,3/18/2014,10:41,CD/LL,DS,H2O,,,,,11,7,,10,,,,,,,,3,28
RT,R1,Duiker,AF,31,3,2014,3/21/2014,10:31,CD,DS,H2O,,1,,,3,1,,2,,,,,,1,,5,8
RT,R1,Elephant,AM,42,3,2014,3/25/2014,13:20,CD/AV,DS,H2O,,,,,,1,,5,,,,,,,,2,6
RT,R1,Hippo ,AF,36,3,2014,3/23/2014,12:32,CD,DS,H2O,,,2,,4,2,,,,,,,,1,,4,9
RT,R1,Horse,AF,23,3,2014,3/17/2014,14:01,CD,DS,H2O,,,,,2,6,,5,,,,,,1,,4,14
RT,R1,Hyena,AF,25,3,2014,3/18/2014,12:19,CD,DS,H2O,,,,,9,8,1,13,,,3,,,1,,6,35
RT,R1,Leopard ,AF,29,3,2014,3/19/2014,13:50,CD,DS,H2O,,,4,,3,3,,,,,,,,,,3,10
RT,R1,Lion,SA,37,3,2014,3/24/2014,11:21,CD,DS,H2O,,,,,3,3,,3,,,,,2,,,4,11
RT,R1,Rhino,AF,26,3,2014,3/18/2014,13:10,AV,DS,H2O,,,,,2,4,,,,,,,,1,,3,7
RT,R1,Tiger,AF,22,3,2014,3/16/2014,14:10,CD/LL,DS,H2O,,,,,11,1,,,,,,,,1,,3,13
RT,R1,Wolf,SA,41,3,2014,3/24/2014,13:22,CD,DS,H2O,,,3,,1,3,,2,,,,,2,1,,6,12
RT,R1,Zebra,AF,30,3,2014,3/20/2014,11:55,CD,DS,H2O,,,,,5,4,,5,,,1,,1,,,5,16
RT,R6,Ategeka ,SA,28,12,2013,12/10/2013,12:10,AV ,DS ,H2O ,,,,,3,,,,,,,,,,,1,3
RT,R6,Ategeka ,SA,59,1,2014,1/5/2014,12:09,AV/CD,DS,H2O,,,2,,11,4,,5,,,,,,3,,5,25
RT,R6,Ategeka ,SA,146,2,2014,2/9/2014,12:22,CD,DS,H2O,,,,,15,3,,14,,,,,,,,3,32
RT,R6,Bacwenkojo,AF,11,10,2013,10/9/2013,9:45,LL/CD,DS,H2O,,,,,2,2,,,,,,,,4,,3,8
RT,R6,Basemera ,AF,4,10,2013,10/3/2013,14:10,LL/CD,DS,H2O,,,,,,1,,1,,2,,,,1,,4,5
RT,R6,Basemera ,AF,42,12,2013,12/19/2013,13:22,CD,DS,H2O,,,1,,3,,,,,,,,,,,2,4
RT,R6,Basemera ,AF,125,2,2014,2/1/2014,11:15,AS,DS,H2O,,,3,1,4,1,,5,,,2,,,2,1,8,19
RT,R6,Kabaganda,AF,126,2,2014,2/1/2014,13:22,AS,DS,H2O,,,,,2,2,,3,,,,,,1,,4,8
RT,R6,Kabarwani ,AF,8,10,2013,10/5/2013,14:43,CD/AV,DS,H2O,,,1,,,,,,,,,,1,,,2,2
RT,R6,Kabarwani ,AF,22,11,2013,11/26/2013,11:25,CD/LL/AS,DS,H2O,,,,,,,,1,,,,,,1,,2,2
RT,R6,Kabarwani ,AF,29,12,2013,12/11/2013,12:10,LL/CD,DS,H2O,,,,,7,3,,,,,,1,,1,,4,12
RT,R6,Kabarwani ,AF,60,1,2014,1/5/2014,12:11,AS/LL,DS,H2O,,,,,26,4,,38,,,,,,16,,4,84
RT,R6,Kabarwani ,AF,60,1,2014,1/5/2014,12:11,AV,CON,Triton,,,2,,12,3,,1,,,,,,1,,5,19
RT,R6,Kabulemu ,AF,24,11,2013,11/29/2013,15:10,AV ,DS,H2O,,,,,1,,,,,,,,,,,1,1
RT,R6,Kabulemu ,AF,32,12,2013,12/15/2013,11:40,AS/CD,DS,H2O,,,2,,12,6,,5,,,,,,,,4,25
RT,R6,Kabulemu ,AF,61,1,2014,1/5/2014,14:07,AV/AS,DS,H2O,,,6,,33,13,,23,,,,,,6,,5,81
RT,R6,Kabulemu ,AF,61,1,2014,1/5/2014,14:07,CD/AV,CON,Triton,,,3,,20,23,1,21,,,,1,,,,6,69
RT,R6,Kabulemu ,AF,132,2,2014,2/2/2014,12:15,AS,DS,H2O,,,,,2,1,,8,,,,,,1,,4,12
RT,R6,Kagurusi,JV,96,1,2014,1/15/2014,15:05,LL,DS,H2O,,,5,,11,4,,19,,,,,,1,,5,40
RT,R6,Kagurusi,SA,143,2,2014,2/3/2014,13:50,CD,DS,H2O,,,,,8,1,,11,,,,1,,1,,5,22
RT,R6,Kaisiki ,SA,2,10,2013,10/1/2013,10:30,CD/LL/AV,DS,H2O,,,,,,1,,,,,,,1,1,,3,3
RT,R6,Kaisiki ,SA,129,2,2014,2/2/2014,10:15,LL/CD/AS,DS,H2O,,,,,,,,4,,,,,,2,,2,6
RT,R6,Kakaikuru,AF,41,12,2013,12/19/2013,12:28,CD,DS,H2O,,,,,3,1,,,,,,,,2,,3,6
RT,R6,Kakaikuru,AF,130,2,2014,2/2/2014,10:25,LL/CD/AS,DS,H2O,,,1,1,13,6,,18,,,,,,10,,6,49
RT,R6,Kalema ,AF,109,1,2014,1/25/2014,14:45,AS/LL,DS,H2O,,,,,5,2,,2,,,,,,,,3,9
RT,R6,Kamakune,AF,71,1,2014,1/10/2014,8:15,AS/AV,CON,Triton,,,2,,,,,1,,,,,,3,,3,6
RT,R6,Kamakune,AF,71,1,2014,1/10/2014,8:15,AS/AV,DS,H2O,,,2,,4,2,,,,,,,,3,,4,11
RT,R6,Kamakune,AF,131,2,2014,2/2/2014,11:20,AS,DS,H2O,,,1,,1,3,,5,,,,1,1,3,1,8,16
RT,R6,Kamakune ,AF,14,10,2013,10/26/2013,11:10,AV,DS,H2O,,,,,1,,,,,,,,,,,1,1
RT,R6,Kamakune ,AF,27,12,2013,12/9/2013,14:50,AV ,DS,H2O ,,,,,,,,3,,,,,,,,1,3
RT,R6,Karungi ,AF,7,10,2013,10/5/2013,11:25,AV/CD/LL,DS,H2O,,,,,18,2,,,,,1,1,1,1,,6,24
RT,R6,Karungi ,AF,33,12,2013,12/16/2013,12:48,AV,DS,H2O,,,,,,2,,,,,,1,,2,,3,5
RT,R6,Karungi ,AF,144,2,2014,2/3/2014,14:10,CD,DS,H2O,,,,,5,1,,9,,,,,,,,3,15
RT,R6,Kasaija ,AM,23,11,2013,11/27/2013,10:20,AS/CD/LL,DS,H2O ,,,,,8,2,,1,,,,,,3,,4,14
RT,R6,Kasaija ,AM,45,12,2013,12/21/2013,13:10,CD/LL,DS,H2O,,,,,6,2,,18,,,,,,4,,4,30
RT,R6,Kasemire,SA,151,2,2014,2/5/2014,11:39,CD,DS,H2O,,,1,,9,,,1,,,,,,,,3,11
RT,R6,Kebirungi,AF,3,10,2013,10/1/2013,11:20,AV,DS,H2O,,,,,12,2,,,,,,,,,,2,14
RT,R6,Kebirungi,AF,136,2,2014,2/2/2014,14:26,CD,DS,H2O,,,,,2,1,,1,,,,,,2,,4,6
RT,R6,Kengonzi ,AF,20,11,2013,11/2/2013,14:11,CD/LL,DS,H2O,,,1,,5,2,,,,,,,,,,3,8
RT,R6,Kengonzi ,AF,30,12,2013,12/13/2013,14:45,LL/CD,DS,H2O,,,,,3,3,,1,,,,,,1,,4,8
RT,R6,Kengonzi ,AF,142,2,2014,2/3/2014,13:33,CD,DS,H2O,,,,,4,2,,9,,,,,,3,,4,18
RT,R6,Kentaro ,AF,21,11,2013,11/25/2013,13:10,CD/LL,DS ,H2O,,,1,,8,1,,,,,1,,,4,,5,15
RT,R6,Kentaro ,AF,128,2,2014,2/1/2014,14:20,LL/CD,DS,H2O,,,,,,,,3,,,,,,2,,2,5
RT,R6,Koojo,JV,70,1,2014,1/9/2014,15:49,AS/AV,CON,H2O,,,,,,3,,2,,,,,,3,,3,8
RT,R6,Koojo,JV,70,1,2014,1/9/2014,15:49,AS/AV,DS,H2O,,,,1,,1,,,,,1,,,1,,4,4
RT,R6,Kyoya,AF,12,10,2013,10/9/2013,10:10,LL/CD/AV,DS,H2O,,,,,1,5,,21,,,,,2,,,4,29
RT,R6,Kyoya,AF,140,2,2014,2/3/2014,12:43,CD,DS,H2O,,,,,1,,,2,,,,,,,,2,3
RT,R6,Macumu,AF,124,2,2014,2/1/2014,10:27,AS,DS,H2O,,,4,,3,,,5,,,1,1,,1,,6,15
RT,R6,Mugisa,SA,40,12,2013,12/18/2013,13:22,CD,DS,H2O,,,,,,3,,,,,,,1,2,,3,6
RT,R6,Mugisa,SA,133,2,2014,2/2/2014,12:40,AS,DS,H2O,,,,,1,1,,,,,,,,3,,3,5
RT,R6,Murungi,SA,15,10,2013,10/28/2013,11:45,LL/AV,DS,H2O,,,,,1,1,,1,,,,,,,,3,3
RT,R6,Murungi,SA,47,12,2013,12/21/2013,14:42,AS/CD/LL,DS,H2O,,,,,1,,,1,,,,2,,,,3,4
RT,R6,Mutebi ,SA,26,11,2013,11/30/2013,11:26,AV ,DS,H2O ,,,,,1,1,,4,,,,,,,,3,6
RT,R6,Mutebi ,SA,127,2,2014,2/1/2014,13:38,LL/CD,DS,H2O,,,1,,3,2,,8,,,,2,,2,,6,18
RT,R6,Muwngi,SA,134,2,2014,2/2/2014,12:44,CD,DS,H2O,,,,,3,,,,,,,1,,,,2,4
RT,R6,Nkojo ,AF,118,1,2014,1/27/2014,13:01,AS/LL,DS,H2O,,,2,,21,5,,17,,,1,1,,,1,7,48
